name,email,phoneNumber
Maggy Prium,mprium0@edublogs.org,535-403-0926
Allene Laflin,alaflin1@huffingtonpost.com,773-380-8834
Mort Hewins,mhewins2@google.es,550-963-5607
Mei Postance,mpostance3@deviantart.com,163-245-6375
Oliy Hinrichs,ohinrichs4@soup.io,958-620-8627
Sheffield Bleackly,sbleackly5@trellian.com,360-344-5077
Traci Fulford,tfulford6@tamu.edu,732-558-1830
Sasha Di Francesco,sdi7@t-online.de,917-300-9647
Reinaldos Briggdale,rbriggdale8@ehow.com,856-466-9896
Mela Harbord,mharbord9@surveymonkey.com,741-535-1557
Nicola Stapleford,nstapleforda@cbc.ca,131-305-9577
Nollie MacCafferky,nmaccafferkyb@unblog.fr,471-401-3693
Deana Johnsson,djohnssonc@taobao.com,487-135-9228
Dalton Caddie,dcaddied@xinhuanet.com,613-532-1454
Thorny Lavens,tlavense@github.io,228-519-8668
Peadar Gaunt,pgauntf@buzzfeed.com,256-695-1863
Annabelle Stairs,astairsg@soundcloud.com,784-461-0161
Bentlee Remer,bremerh@house.gov,641-578-2838
Porty Kingswoode,pkingswoodei@amazon.de,308-746-5393
Clayborne Wince,cwincej@bandcamp.com,467-770-1266
Gottfried Hutten,ghuttenk@loc.gov,335-182-0420
Tabbatha Timmis,ttimmisl@un.org,851-613-5750
Hewie Pfleger,hpflegerm@wikispaces.com,150-307-5470
Tam Chafer,tchafern@blogtalkradio.com,621-866-3920
Eimile Burgise,eburgiseo@dion.ne.jp,935-255-6954
Dylan Rosenwald,drosenwaldp@unc.edu,493-417-0026
Gayel Blakeman,gblakemanq@youtu.be,300-502-1248
Almire Treagust,atreagustr@about.me,271-284-2490
Gertrudis Bowstead,gbowsteads@bloomberg.com,988-818-3908
Tedi Burburough,tburburought@bigcartel.com,429-834-1625
Camile Santorini,csantoriniu@xinhuanet.com,483-752-3743
Joan McSwan,jmcswanv@vinaora.com,665-723-9224
Ardis Manoelli,amanoelliw@scribd.com,732-901-7202
Reid Patrie,rpatriex@indiegogo.com,927-651-0106
Cullie Donson,cdonsony@shinystat.com,897-483-3144
Herve Pendry,hpendryz@reverbnation.com,572-705-5644
Debby Crowley,dcrowley10@psu.edu,223-704-9825
Barry Judd,bjudd11@geocities.com,819-689-4601
Saunder Hallwell,shallwell12@reverbnation.com,728-878-2901
Xenos Hazle,xhazle13@google.com.au,662-115-1403
Ramonda Binge,rbinge14@ask.com,643-517-6742
Marylou Faill,mfaill15@google.pl,230-234-6468
Barret Menichillo,bmenichillo16@japanpost.jp,303-112-5372
Rosana Le Friec,rle17@symantec.com,932-307-4454
Joelynn Janoch,jjanoch18@webnode.com,170-367-0232
Sheila-kathryn Pitcock,spitcock19@businessinsider.com,860-409-9606
Skell Richens,srichens1a@odnoklassniki.ru,323-562-4745
Arlana Armstrong,aarmstrong1b@hp.com,216-423-0117
Sonia Cholerton,scholerton1c@geocities.com,346-165-1975
Alexia Gwilliams,agwilliams1d@hp.com,979-102-3932
Natale Mealand,nmealand1e@nymag.com,711-410-5887
Joanne Trevers,jtrevers1f@homestead.com,571-678-8530
Blakeley Yeskin,byeskin1g@parallels.com,230-541-3056
Corry Knell,cknell1h@squarespace.com,733-920-6428
Astrid Tregenna,atregenna1i@nationalgeographic.com,905-436-1924
Yul Dadge,ydadge1j@state.gov,120-101-9279
Linnell Lundy,llundy1k@mit.edu,335-980-6541
Raphael Sinclar,rsinclar1l@patch.com,613-332-5545
Ricoriki Milbank,rmilbank1m@barnesandnoble.com,286-694-5003
Ethelind Paulus,epaulus1n@canalblog.com,670-414-6314
Betteanne Hallworth,bhallworth1o@ezinearticles.com,343-757-5779
Arie Roe,aroe1p@businessinsider.com,524-684-8193
Broderick Stanlack,bstanlack1q@earthlink.net,114-312-3004
Courtnay Chattoe,cchattoe1r@godaddy.com,313-400-2778
Gray Fransman,gfransman1s@nifty.com,740-356-1731
Anjela Starling,astarling1t@webnode.com,925-490-3611
Whitby Spinetti,wspinetti1u@pagesperso-orange.fr,567-999-8133
Indira Lindro,ilindro1v@nasa.gov,909-444-5731
Janeczka Dyott,jdyott1w@telegraph.co.uk,968-930-8512
Hilton Truran,htruran1x@patch.com,863-592-6572
Clarke Wiltshear,cwiltshear1y@feedburner.com,535-175-8025
Ingram Masser,imasser1z@cbc.ca,356-647-0437
Essa Ginnety,eginnety20@nature.com,627-183-7482
Wainwright Willingam,wwillingam21@bing.com,301-774-5859
Othilia Ikin,oikin22@addtoany.com,185-888-5337
Ethan Osipov,eosipov23@hibu.com,374-285-3883
Tisha Hardway,thardway24@theatlantic.com,464-135-6803
Ritchie Giraudel,rgiraudel25@howstuffworks.com,532-312-4635
Crysta Reims,creims26@ow.ly,507-957-6630
Robin Attreed,rattreed27@va.gov,606-440-4352
Carline Shales,cshales28@facebook.com,618-184-6140
Kenton Tottle,ktottle29@dmoz.org,612-707-2890
Leonidas Alastair,lalastair2a@globo.com,568-544-0183
Cristabel Collinette,ccollinette2b@soundcloud.com,640-230-0630
Sullivan McKevitt,smckevitt2c@t-online.de,775-262-5640
Dolli Sworn,dsworn2d@live.com,934-267-3152
Hagan Jacobowitz,hjacobowitz2e@ucoz.com,602-305-9937
Bartholomeo Brandolini,bbrandolini2f@miibeian.gov.cn,693-188-5628
Diane Threadgill,dthreadgill2g@archive.org,873-818-0932
Eolande Buckell,ebuckell2h@wunderground.com,429-311-8678
Cecily Lanfare,clanfare2i@instagram.com,989-447-8188
Darrel Pichan,dpichan2j@si.edu,713-906-1673
Darrick Lude,dlude2k@examiner.com,606-591-4275
Corrie Sapauton,csapauton2l@mayoclinic.com,558-883-7854
Anatola Blowick,ablowick2m@latimes.com,813-476-5534
Meade Boothby,mboothby2n@eepurl.com,508-519-2644
Celinda Blitzer,cblitzer2o@globo.com,421-263-1800
Dilly Algar,dalgar2p@ucla.edu,493-423-7826
Keen Benedidick,kbenedidick2q@newyorker.com,926-699-4330
Devin Ties,dties2r@imageshack.us,640-848-3449
Kaitlyn Dikle,kdikle2s@walmart.com,507-380-4784
Lucienne Buey,lbuey2t@bloglovin.com,309-922-5953
Ninon La Batie,nla2u@nbcnews.com,619-945-7091
Melly Pinckard,mpinckard2v@ehow.com,924-312-9723
Cassy Crummay,ccrummay2w@shutterfly.com,497-644-1795
Lorenzo Cartwright,lcartwright2x@census.gov,886-915-5928
Herb Willmont,hwillmont2y@wikispaces.com,710-722-5471
Genevieve Saintsbury,gsaintsbury2z@ftc.gov,447-825-9338
Minne M'Barron,mmbarron30@google.nl,474-872-7735
Heinrick Tremoille,htremoille31@toplist.cz,585-273-5287
Mirelle Synnot,msynnot32@godaddy.com,195-158-9874
Stanwood Yukhnin,syukhnin33@baidu.com,617-706-6003
Hyacinthe Duguid,hduguid34@amazon.co.jp,631-324-1480
Baily Phare,bphare35@dyndns.org,912-540-2389
Tiffany Robe,trobe36@gov.uk,870-186-1015
Sharai Drepp,sdrepp37@ucla.edu,167-239-2312
Malissia Sanches,msanches38@histats.com,111-723-9305
Giuditta Jerok,gjerok39@ow.ly,476-234-7100
Candida Dorber,cdorber3a@de.vu,865-578-0277
Mathilda Gannon,mgannon3b@ted.com,911-984-3745
Lois Di Baudi,ldi3c@t-online.de,785-179-5654
Brittni Hughesdon,bhughesdon3d@nationalgeographic.com,815-177-1687
Orelee Daudray,odaudray3e@xinhuanet.com,753-573-7314
Alfi Raikes,araikes3f@springer.com,126-317-6753
Darcee Brahms,dbrahms3g@ezinearticles.com,851-221-9089
Norris Bray,nbray3h@theguardian.com,664-367-8618
Barnabe Kenworthey,bkenworthey3i@newyorker.com,940-352-2805
Park Besque,pbesque3j@biblegateway.com,163-619-5850
Blythe Askell,baskell3k@umn.edu,763-198-4820
Bradney Machans,bmachans3l@sakura.ne.jp,168-733-5402
Pauletta De Ruggero,pde3m@sourceforge.net,887-837-3725
Englebert Lardeur,elardeur3n@photobucket.com,995-999-5834
Paul Ecles,pecles3o@blogspot.com,580-462-6437
Flori Messham,fmessham3p@unesco.org,562-821-9264
Trixy O' Sullivan,to3q@nationalgeographic.com,768-225-8168
Evaleen Tattam,etattam3r@un.org,522-629-8643
Burton Sharrier,bsharrier3s@wix.com,506-251-2347
Nikolia Impson,nimpson3t@globo.com,893-667-4014
Angeli Clousley,aclousley3u@wired.com,615-796-3542
Tabbatha Drury,tdrury3v@salon.com,786-517-9532
Petrina Raggitt,praggitt3w@tamu.edu,599-604-7424
Silvain Leist,sleist3x@storify.com,209-569-7672
Barde Jandl,bjandl3y@sitemeter.com,858-746-5783
Allyn Spawforth,aspawforth3z@ezinearticles.com,968-407-4433
Gertrudis Geeraert,ggeeraert40@cdbaby.com,627-959-5003
Esmeralda Lilleycrop,elilleycrop41@home.pl,985-706-5986
Laurella Marcome,lmarcome42@chronoengine.com,240-233-5060
Hobard Totterdell,htotterdell43@ameblo.jp,807-160-6654
Manuel Clearley,mclearley44@spiegel.de,740-360-9026
Brand Faulo,bfaulo45@npr.org,581-541-0363
Adorne Strond,astrond46@mail.ru,650-446-1956
Dukie Coolbear,dcoolbear47@csmonitor.com,928-764-5329
Sterne Acheson,sacheson48@shinystat.com,956-187-9331
Chere Bail,cbail49@weather.com,967-435-9815
Starlene Bradlaugh,sbradlaugh4a@geocities.com,974-222-3061
Bary Olford,bolford4b@booking.com,593-726-9762
Carlotta Grelka,cgrelka4c@slashdot.org,103-951-7146
Tim Stratford,tstratford4d@1und1.de,187-270-0865
Werner Tite,wtite4e@intel.com,575-687-1799
Ole Setchell,osetchell4f@dedecms.com,839-970-6200
Gaby Treacher,gtreacher4g@arstechnica.com,601-107-3576
Morganne Dunning,mdunning4h@google.com.br,544-952-4472
Kevon Saph,ksaph4i@blogs.com,588-590-5564
Grantham Whales,gwhales4j@tinypic.com,128-302-3288
Celka Ebbles,cebbles4k@123-reg.co.uk,289-111-3523
Alfreda Vedenyapin,avedenyapin4l@ft.com,537-695-3641
Teodora Piddocke,tpiddocke4m@deviantart.com,700-342-8129
Valaria Blaksley,vblaksley4n@xing.com,849-459-0102
Charlena Garratt,cgarratt4o@issuu.com,395-633-6586
Gaelan McCarthy,gmccarthy4p@buzzfeed.com,322-385-3568
Salvidor Lytle,slytle4q@yellowbook.com,318-482-5835
Tobie Tidmarsh,ttidmarsh4r@4shared.com,560-492-9372
Ddene McShane,dmcshane4s@baidu.com,978-236-4286
Bax Hanington,bhanington4t@va.gov,455-874-9064
Petrina Groarty,pgroarty4u@cnn.com,896-939-9283
Mil Jaulmes,mjaulmes4v@cocolog-nifty.com,818-591-1535
Urson Nancekivell,unancekivell4w@ask.com,696-242-3652
Shelby Yekel,syekel4x@pen.io,154-561-1044
Kelcy Danbury,kdanbury4y@springer.com,715-967-3225
Elena Casford,ecasford4z@webnode.com,982-722-0077
Shell Follows,sfollows50@about.me,531-537-3263
Gaultiero Scandwright,gscandwright51@xinhuanet.com,861-529-9544
Alberta Haysey,ahaysey52@flavors.me,145-972-7063
Josh Philbin,jphilbin53@sfgate.com,224-135-0465
Xymenes Lumm,xlumm54@google.com.hk,849-387-9822
Staffard Hernik,shernik55@a8.net,747-250-2295
Inga Coplestone,icoplestone56@wikimedia.org,354-750-0756
Elva Noir,enoir57@unesco.org,547-783-4424
Reggi Chaffin,rchaffin58@hp.com,688-319-8716
Cinderella Cockrell,ccockrell59@va.gov,740-905-6518
Grissel Lubbock,glubbock5a@w3.org,952-500-4626
Libbie Dictus,ldictus5b@illinois.edu,985-815-2701
Licha Colebrook,lcolebrook5c@list-manage.com,273-287-3056
Olwen Spurgin,ospurgin5d@patch.com,292-607-1968
Umberto Speeks,uspeeks5e@phpbb.com,691-449-6931
Elinore Burnsyde,eburnsyde5f@samsung.com,963-381-7684
Reinald Pulster,rpulster5g@desdev.cn,768-291-5706
Gustie Hevey,ghevey5h@constantcontact.com,320-346-5023
Tamar Hartle,thartle5i@topsy.com,118-210-8087
Bran Diboll,bdiboll5j@harvard.edu,845-604-7977
Kaleb Dunbobin,kdunbobin5k@ocn.ne.jp,534-696-5408
Orland Triggol,otriggol5l@histats.com,292-471-3008
Dougy Blackbrough,dblackbrough5m@macromedia.com,969-581-0578
Agna Perrottet,aperrottet5n@nydailynews.com,180-846-6106
George Tann,gtann5o@wufoo.com,249-190-7142
Loretta Chalk,lchalk5p@skype.com,899-448-1027
Amity Stirrup,astirrup5q@blogspot.com,731-223-4059
Catha Pawlaczyk,cpawlaczyk5r@sakura.ne.jp,195-810-5483
Oralla Stocken,ostocken5s@123-reg.co.uk,697-752-7458
Rosalinda Inskipp,rinskipp5t@163.com,855-987-6093
Sara Phelps,sphelps5u@ycombinator.com,710-865-9635
Jackie Hamblin,jhamblin5v@comsenz.com,118-996-4739
Dodie Verma,dverma5w@ft.com,559-948-8700
Elaine Dachs,edachs5x@nih.gov,154-439-5476
Britta Lefeuvre,blefeuvre5y@uol.com.br,123-465-8981
Brunhilde Romanelli,bromanelli5z@google.ca,553-119-6914
Morgen Pinnijar,mpinnijar60@google.co.jp,980-413-5874
Lura Thridgould,lthridgould61@guardian.co.uk,845-474-1978
Debbie Vaissiere,dvaissiere62@booking.com,675-641-0941
Caryn Rollin,crollin63@npr.org,309-385-6243
Florance Fenner,ffenner64@nih.gov,498-722-7500
Lesly Rawcliff,lrawcliff65@multiply.com,775-242-4311
Thurstan McAlees,tmcalees66@51.la,562-527-8510
Peadar Obispo,pobispo67@umn.edu,628-537-7382
Madalyn Westbury,mwestbury68@hud.gov,612-312-4595
Chiquia Breslauer,cbreslauer69@wordpress.com,498-845-5768
Whitney Venny,wvenny6a@fotki.com,462-616-6506
Pasquale Waight,pwaight6b@linkedin.com,830-172-1835
Phillis Donavan,pdonavan6c@businessweek.com,980-243-3734
Nikki Beasleigh,nbeasleigh6d@indiegogo.com,232-753-3657
Parker Jurek,pjurek6e@wikispaces.com,529-181-2513
Mortimer Lavington,mlavington6f@reference.com,806-203-5258
Sidonia Fackney,sfackney6g@geocities.jp,304-745-1144
Del Lightbody,dlightbody6h@businessinsider.com,970-464-1022
Aharon Harfleet,aharfleet6i@webmd.com,438-404-3482
Falkner Pellew,fpellew6j@squarespace.com,805-334-1689
Thomasine Tresler,ttresler6k@japanpost.jp,868-810-4797
Janela Dobrovolny,jdobrovolny6l@privacy.gov.au,742-886-0703
Troy Valois,tvalois6m@skyrock.com,720-426-7265
Nahum Skilbeck,nskilbeck6n@so-net.ne.jp,244-703-8850
North Jeannaud,njeannaud6o@mtv.com,690-299-5337
Adolpho Robbings,arobbings6p@psu.edu,381-769-0440
Gabi Thrasher,gthrasher6q@rakuten.co.jp,227-470-3651
Anneliese Blamire,ablamire6r@quantcast.com,498-466-8369
Novelia Tenbrug,ntenbrug6s@spotify.com,832-282-1913
Towney Kinver,tkinver6t@symantec.com,502-840-1502
Kandy Tribbeck,ktribbeck6u@home.pl,690-655-3781
Karyn Sulman,ksulman6v@drupal.org,524-865-1506
Nikolia Blackaller,nblackaller6w@princeton.edu,233-287-5882
Tallia Frankom,tfrankom6x@soundcloud.com,128-739-7906
Phaedra Lotterington,plotterington6y@uol.com.br,371-391-6386
Billye Ivashkov,bivashkov6z@ted.com,427-594-8760
Florette Rymill,frymill70@bandcamp.com,728-791-8249
Demetre Pearde,dpearde71@freewebs.com,404-652-3104
Clarissa Sidnall,csidnall72@clickbank.net,838-884-8370
Bing Laetham,blaetham73@gmpg.org,409-805-4513
Wenda Pickwell,wpickwell74@google.de,341-118-5421
Alexia Lys,alys75@123-reg.co.uk,544-533-1930
Redford Petrou,rpetrou76@booking.com,880-153-9285
Willi Lount,wlount77@seattletimes.com,960-290-9357
Brnaba Moore,bmoore78@wp.com,599-705-8447
Barry Fann,bfann79@nih.gov,632-543-6224
Raddie Giacobo,rgiacobo7a@patch.com,502-155-1220
Selinda Huccaby,shuccaby7b@newsvine.com,867-274-9541
Roland Blasli,rblasli7c@bloglovin.com,788-580-3235
Jameson Norcross,jnorcross7d@ihg.com,837-616-3939
Christean Lundberg,clundberg7e@yellowpages.com,300-530-5829
Linette Donovan,ldonovan7f@statcounter.com,483-395-1058
Ximenes Skarin,xskarin7g@cnet.com,558-776-6029
Zacharie Boosey,zboosey7h@walmart.com,814-178-3427
Kaspar Dorbon,kdorbon7i@tinypic.com,346-482-6438
Arleta Seabright,aseabright7j@angelfire.com,168-171-6464
Boone Michael,bmichael7k@bloomberg.com,751-271-5928
Melania Darwent,mdarwent7l@spotify.com,110-671-3524
Burl Pods,bpods7m@washington.edu,727-217-9875
Virge Semark,vsemark7n@youku.com,819-662-2817
Mignonne Gallemore,mgallemore7o@cmu.edu,644-583-9461
Aleen Perett,aperett7p@istockphoto.com,762-611-7626
Louie Robert,lrobert7q@multiply.com,484-247-3028
Bil Barles,bbarles7r@deviantart.com,706-630-3427
Harcourt Rosenfield,hrosenfield7s@japanpost.jp,969-541-7355
Florian Burrel,fburrel7t@cyberchimps.com,628-233-5984
Mignon Radbourn,mradbourn7u@wikimedia.org,777-403-4976
Kendra Longmuir,klongmuir7v@github.com,798-889-3832
Gris Celier,gcelier7w@unesco.org,272-493-1777
Nannie Cleverley,ncleverley7x@wikimedia.org,534-913-8889
Leese Stiddard,lstiddard7y@yellowbook.com,379-683-5468
Melody Gaynsford,mgaynsford7z@addtoany.com,632-736-2519
Lina Crawley,lcrawley80@posterous.com,992-330-4285
Chicky Novelli,cnovelli81@godaddy.com,557-698-5436
Arron Sciusscietto,asciusscietto82@ucsd.edu,569-420-8155
Berrie Thaxter,bthaxter83@microsoft.com,238-130-0242
Juline Bang,jbang84@slideshare.net,898-243-5979
Amalee Kilgallen,akilgallen85@blogspot.com,408-199-4959
Sharona Bowdler,sbowdler86@youtu.be,719-987-8092
Elyse Parlot,eparlot87@state.gov,785-173-8425
Winonah Bakhrushkin,wbakhrushkin88@blogspot.com,148-268-7153
Lorry Python,lpython89@over-blog.com,882-914-2957
Tera Gatman,tgatman8a@tiny.cc,262-670-5245
Trude Tukely,ttukely8b@google.pl,516-390-5554
Sammie Balstone,sbalstone8c@clickbank.net,722-136-1243
Melli Learoyde,mlearoyde8d@jigsy.com,637-411-7365
Blanca Gillicuddy,bgillicuddy8e@shareasale.com,997-828-7718
Tiffi Gudge,tgudge8f@ucla.edu,650-663-1101
Leon Ceaplen,lceaplen8g@ow.ly,950-647-8773
Lola Blasius,lblasius8h@vistaprint.com,726-234-4615
Fianna Halcro,fhalcro8i@ihg.com,353-208-5363
Seymour Halifax,shalifax8j@behance.net,460-354-3729
Aubrie Minette,aminette8k@soup.io,413-370-8405
Margareta Trevna,mtrevna8l@samsung.com,940-736-8239
Daniela Bispo,dbispo8m@ow.ly,899-766-9170
Florida Trayling,ftrayling8n@techcrunch.com,433-919-6084
Archambault Aickin,aaickin8o@kickstarter.com,252-419-3723
Sabine Hooke,shooke8p@soundcloud.com,769-515-2729
Benny Scammonden,bscammonden8q@github.com,388-328-7533
Any Boeck,aboeck8r@qq.com,143-516-2659
Symon Spinks,sspinks8s@vk.com,741-852-4272
Taite Beseke,tbeseke8t@tinypic.com,800-456-3224
Ermina Jarrel,ejarrel8u@businessinsider.com,212-791-1744
Virginie Summerrell,vsummerrell8v@slideshare.net,778-372-9815
Ailsun Beall,abeall8w@hubpages.com,591-728-5500
Aaren Schieferstein,aschieferstein8x@mozilla.org,723-436-3003
Kari Lorincz,klorincz8y@myspace.com,172-964-7470
Regine Saterthwait,rsaterthwait8z@reuters.com,119-431-9587
Caril Sentance,csentance90@chicagotribune.com,960-333-7185
Wilton Crickmore,wcrickmore91@netvibes.com,879-798-1136
Korry McCaughren,kmccaughren92@quantcast.com,517-906-3913
Ailyn Grimes,agrimes93@ft.com,893-686-0580
Kizzie Wingham,kwingham94@ustream.tv,136-769-3239
Shanta Roddie,sroddie95@instagram.com,862-769-3631
Maryanna Hulburt,mhulburt96@cnet.com,877-715-1521
Billie Clemmett,bclemmett97@webeden.co.uk,455-803-7457
Rorie Conti,rconti98@trellian.com,499-986-8351
Fania Kaine,fkaine99@exblog.jp,181-159-9293
Darrelle Massey,dmassey9a@51.la,433-314-4697
Bette-ann Queyos,bqueyos9b@bluehost.com,943-618-5656
Rosemaria Viner,rviner9c@nationalgeographic.com,730-354-1732
Lani Gilchrist,lgilchrist9d@fastcompany.com,504-528-8584
Terry Beamish,tbeamish9e@go.com,527-389-0320
Geno Mogra,gmogra9f@com.com,219-769-6711
Vanna Trehearn,vtrehearn9g@abc.net.au,796-676-7800
Lorna Epinoy,lepinoy9h@studiopress.com,192-863-4794
William Dodle,wdodle9i@huffingtonpost.com,875-955-8947
Laura Dottridge,ldottridge9j@microsoft.com,904-361-7874
Reube Leman,rleman9k@amazon.de,493-911-6400
Giulietta Bifield,gbifield9l@dot.gov,718-914-6287
Elyse Attwill,eattwill9m@nydailynews.com,129-400-6303
Miner Foan,mfoan9n@utexas.edu,318-635-7403
Vonni Godart,vgodart9o@wisc.edu,410-781-6469
Loydie Karslake,lkarslake9p@gravatar.com,486-790-8474
Stavro Janovsky,sjanovsky9q@google.de,698-958-3845
Leighton Larner,llarner9r@ucoz.ru,947-443-5876
Cosimo Semmence,csemmence9s@chicagotribune.com,526-752-9529
Hans Hryncewicz,hhryncewicz9t@jalbum.net,612-233-0856
Fanni Leedal,fleedal9u@cbslocal.com,333-495-2276
Evey Jzak,ejzak9v@stumbleupon.com,983-854-1221
Dennie Marnes,dmarnes9w@blog.com,944-857-2377
Paolina Immins,pimmins9x@icq.com,859-428-3013
Albie Lemin,alemin9y@globo.com,257-447-3690
Herbie Chatainier,hchatainier9z@hp.com,939-908-4142
Ileana Cardew,icardewa0@statcounter.com,170-454-8147
Hedvig Arnaudi,harnaudia1@vistaprint.com,158-218-4970
Benedikt Vanyard,bvanyarda2@pcworld.com,881-159-8627
Jany Cowdray,jcowdraya3@infoseek.co.jp,380-107-0865
Hyacinth Queripel,hqueripela4@dailymotion.com,699-730-5610
Clerc Denerley,cdenerleya5@twitpic.com,231-133-5021
Susanna Bremeyer,sbremeyera6@csmonitor.com,430-684-6208
Huey Ruscoe,hruscoea7@tripod.com,484-549-6616
Claudell Asprey,caspreya8@hp.com,341-178-9720
Taite Squeers,tsqueersa9@businesswire.com,458-289-0695
Lucas Derrell,lderrellaa@ow.ly,166-891-7026
Emera Garrattley,egarrattleyab@vimeo.com,816-381-5019
Petronia Son,psonac@cnn.com,892-491-6019
Tiphany Jacobsson,tjacobssonad@ucla.edu,883-713-8488
Rik Skade,rskadeae@huffingtonpost.com,254-906-3829
Flore Deaton,fdeatonaf@cnet.com,674-956-6271
Koren McReynold,kmcreynoldag@ihg.com,861-265-4514
Sheelah Cambell,scambellah@uol.com.br,698-691-8054
Jen Bone,jboneai@opensource.org,521-709-2194
Frederich Gounin,fgouninaj@google.com.au,823-941-1427
Dukey Astles,dastlesak@barnesandnoble.com,908-661-5355
Ulrica Cancellario,ucancellarioal@ucoz.com,240-449-6751
Adolf Sandwith,asandwitham@com.com,252-222-3840
Celestine Youson,cyousonan@ucoz.com,495-245-1692
Bernette Haward,bhawardao@cmu.edu,689-632-2037
Jesse Fosse,jfosseap@berkeley.edu,889-134-6900
Rod Togher,rtogheraq@pen.io,604-407-4800
Vern Le febre,vlear@independent.co.uk,633-865-3544
Karita Ruzicka,kruzickaas@eventbrite.com,606-709-0631
Caritta Dunnan,cdunnanat@com.com,802-418-4133
Lois Swenson,lswensonau@sciencedirect.com,442-305-4909
Perl Storry,pstorryav@baidu.com,689-848-5394
Celestina Albrook,calbrookaw@vkontakte.ru,499-790-1807
Josiah Itzchaki,jitzchakiax@chicagotribune.com,166-440-0467
Guy Donaho,gdonahoay@redcross.org,437-558-2368
Adlai Bartot,abartotaz@spiegel.de,405-285-9324
Cloris Farlane,cfarlaneb0@hubpages.com,408-140-1301
Eve Borgne,eborgneb1@goo.ne.jp,883-164-6956
Myron Kaesmans,mkaesmansb2@mediafire.com,155-612-2693
Tallou Woodall,twoodallb3@bizjournals.com,873-819-4393
Brigid Fulford,bfulfordb4@icq.com,583-288-1338
Aloysia Revans,arevansb5@paginegialle.it,887-678-7064
Edwin Venneur,evenneurb6@liveinternet.ru,826-192-1719
Hercules Carine,hcarineb7@baidu.com,322-667-3312
Alida Staresmeare,astaresmeareb8@webnode.com,726-257-9282
Clo Learoyd,clearoydb9@vinaora.com,636-806-8992
Billy Gush,bgushba@skype.com,938-582-4215
Marja Beaney,mbeaneybb@youtu.be,376-737-2083
Virgie Smitten,vsmittenbc@yandex.ru,921-725-6380
Vite Verrell,vverrellbd@twitter.com,697-248-8069
Nicola Smissen,nsmissenbe@ted.com,241-790-3193
Melina Le Brun,mlebf@printfriendly.com,849-388-0875
Bearnard Gabbot,bgabbotbg@yahoo.com,824-770-6684
Gottfried Woolham,gwoolhambh@ca.gov,419-134-4933
Bobine Brookwell,bbrookwellbi@printfriendly.com,402-387-7698
Meggi Mixter,mmixterbj@pcworld.com,687-392-3613
Orv Chedzoy,ochedzoybk@qq.com,842-432-3420
Jackqueline Nason,jnasonbl@blogger.com,390-248-1255
Alfie Deighton,adeightonbm@archive.org,895-202-5483
Arden Wasselin,awasselinbn@goodreads.com,239-714-6502
Penn Ventom,pventombo@ihg.com,211-638-0722
Ruthy Sommersett,rsommersettbp@discuz.net,115-595-2772
Jacquetta Gonneau,jgonneaubq@sohu.com,782-895-7481
Winny Kibbel,wkibbelbr@goo.gl,995-896-1360
Babbie MacUchadair,bmacuchadairbs@uol.com.br,241-873-8387
Worth Litster,wlitsterbt@ucsd.edu,953-229-8810
Flss Loosely,flooselybu@unicef.org,285-357-9306
Mariquilla Hurnell,mhurnellbv@dot.gov,334-643-5412
Elton Daventry,edaventrybw@macromedia.com,879-666-2989
Vania Rossoni,vrossonibx@usa.gov,540-143-2153
Judas Domokos,jdomokosby@amazonaws.com,905-543-2331
Peder Pulham,ppulhambz@t.co,784-981-6451
Kenton Semrad,ksemradc0@cbslocal.com,724-907-5006
Fax Spatarul,fspatarulc1@harvard.edu,719-455-9284
Evered Scopes,escopesc2@gmpg.org,344-357-0114
Aluin Page,apagec3@hud.gov,683-649-9344
Debby Geerits,dgeeritsc4@ucla.edu,107-650-8938
Karisa Foulger,kfoulgerc5@typepad.com,532-357-8654
Henderson Sunnucks,hsunnucksc6@domainmarket.com,120-437-1210
Alfie Nosworthy,anosworthyc7@ovh.net,202-567-1259
Gerri Coopman,gcoopmanc8@china.com.cn,287-106-4942
Sonnnie Newens,snewensc9@infoseek.co.jp,882-770-4281
Dulcine Fayers,dfayersca@youtu.be,176-309-4011
Asher Talbot,atalbotcb@altervista.org,690-710-6510
Mayer Batts,mbattscc@opensource.org,882-907-4480
Lannie Maleck,lmaleckcd@hc360.com,528-998-5939
Illa Draijer,idraijerce@ucsd.edu,127-272-5749
Sig Sundin,ssundincf@ustream.tv,775-915-3879
Tracie MacAnellye,tmacanellyecg@amazon.de,969-393-2541
Kerry Corstorphine,kcorstorphinech@zdnet.com,782-172-5881
Floris Lille,flilleci@biblegateway.com,634-139-6573
Kelbee Cutcliffe,kcutcliffecj@reddit.com,517-475-5278
Maryanne Medhurst,mmedhurstck@cornell.edu,968-160-7844
Angelle Suff,asuffcl@myspace.com,641-896-5211
Bevin Gurden,bgurdencm@mac.com,895-411-6476
Mara MacMechan,mmacmechancn@vimeo.com,111-133-3354
Millisent Dancer,mdancerco@nba.com,357-606-7871
Brittani Eyes,beyescp@wp.com,489-127-2546
Marlow Grahamslaw,mgrahamslawcq@blinklist.com,111-363-8006
Barnard Eldredge,beldredgecr@google.nl,123-101-7005
Rodd Robjohns,rrobjohnscs@prnewswire.com,582-555-1743
Zebulen Tackley,ztackleyct@example.com,470-802-2562
Theodore Gossart,tgossartcu@fda.gov,512-182-7974
Elsa Sill,esillcv@mapy.cz,886-185-0112
Maddie Ridoutt,mridouttcw@npr.org,472-670-4526
Matt Toppin,mtoppincx@blinklist.com,911-840-2195
Pip Kent,pkentcy@google.com.au,914-769-5823
Debra Vondrach,dvondrachcz@booking.com,632-326-9401
Gerri Chaperlin,gchaperlind0@un.org,777-866-3081
Orland Carhart,ocarhartd1@icio.us,850-445-5928
Keenan St. Paul,kstd2@washington.edu,750-474-3774
Adham Brightman,abrightmand3@bbc.co.uk,367-165-1039
Locke Goschalk,lgoschalkd4@wp.com,249-209-6270
Milo Lapish,mlapishd5@a8.net,801-907-0600
Kip Castagno,kcastagnod6@shutterfly.com,572-226-9673
Freeman Gladebeck,fgladebeckd7@last.fm,686-998-0793
Ellsworth Leavold,eleavoldd8@over-blog.com,813-817-0282
Vasili Clews,vclewsd9@usgs.gov,663-436-6303
Cecilia Sebire,csebireda@ezinearticles.com,322-607-9106
Luella Grimsell,lgrimselldb@wikipedia.org,873-314-1093
Mariya Proby,mprobydc@gnu.org,948-436-7135
Lydie Sigars,lsigarsdd@weibo.com,803-906-3389
Harland Martin,hmartinde@unesco.org,717-980-7425
Wald Arrow,warrowdf@utexas.edu,182-987-6380
Penny Darington,pdaringtondg@sciencedirect.com,737-915-9641
Zorana Alenichev,zalenichevdh@parallels.com,822-451-5421
Shem Ruddock,sruddockdi@topsy.com,122-912-7799
Delinda Cowderoy,dcowderoydj@myspace.com,934-978-0146
Maurizio Portail,mportaildk@instagram.com,464-112-1311
Kass Teall,ktealldl@latimes.com,425-199-5572
Carmelina Glacken,cglackendm@who.int,685-465-7869
Jacquelin Dooland,jdoolanddn@state.tx.us,360-162-2281
Barny Joskowitz,bjoskowitzdo@wordpress.com,868-193-1098
Nevil Dalzell,ndalzelldp@twitpic.com,260-586-9939
Carmencita Denziloe,cdenziloedq@fotki.com,272-131-8079
Bradly Holdey,bholdeydr@opera.com,472-841-2212
Carver Yann,cyannds@mayoclinic.com,775-918-5322
Bili Halfpenny,bhalfpennydt@illinois.edu,463-253-4139
Brett Taphouse,btaphousedu@hp.com,717-555-0445
Moise Anderbrugge,manderbruggedv@i2i.jp,390-103-0975
Mechelle Woolnough,mwoolnoughdw@cbslocal.com,912-664-8898
Darbie Oxenden,doxendendx@mayoclinic.com,525-817-2688
Myrtia Marians,mmariansdy@fda.gov,344-252-6090
Hurley Danielot,hdanielotdz@craigslist.org,350-230-6664
Leigha MacCaffrey,lmaccaffreye0@earthlink.net,549-806-8783
Saloma Ohms,sohmse1@archive.org,555-589-8682
Olympie Labrone,olabronee2@nsw.gov.au,541-503-8578
Lorraine Pettigree,lpettigreee3@go.com,268-930-9175
Leonore Cucuzza,lcucuzzae4@instagram.com,958-193-5087
Dani Rizzardini,drizzardinie5@zdnet.com,851-133-6532
Gratia Krollman,gkrollmane6@php.net,499-796-1037
Devina Ghidini,dghidinie7@cnbc.com,639-518-1849
Constantia Pavlovsky,cpavlovskye8@dailymail.co.uk,867-707-6726
Marcille Monument,mmonumente9@google.de,901-783-2003
Antone Beedon,abeedonea@artisteer.com,294-518-2275
Hashim Blowes,hbloweseb@ifeng.com,976-749-8069
Woodman Lucchi,wlucchiec@yellowpages.com,265-784-2718
Maddalena Labbet,mlabbeted@zimbio.com,216-958-0961
Olag Ollerenshaw,oollerenshawee@4shared.com,498-436-7242
D'arcy Clashe,dclasheef@naver.com,872-643-7202
Abeu Clymo,aclymoeg@phoca.cz,213-988-5273
Boote Wand,bwandeh@bloomberg.com,611-600-4863
Helga Stare,hstareei@fda.gov,554-816-6064
Enos Duddle,eduddleej@comsenz.com,525-123-3478
Barbabas Kless,bklessek@ted.com,256-446-7411
Mallory Pritchard,mpritchardel@addthis.com,808-673-0491
Waldemar Tace,wtaceem@skype.com,642-696-1773
Anneliese Stidson,astidsonen@paginegialle.it,505-832-1164
Crissy Folks,cfolkseo@addtoany.com,395-514-3223
Ophelia Angus,oangusep@zdnet.com,552-509-8840
Janella Nouch,jnoucheq@twitpic.com,894-992-6912
Jose Dring,jdringer@yelp.com,697-657-8485
Jackie Gammon,jgammones@shop-pro.jp,915-353-3065
Hank Scroxton,hscroxtonet@cam.ac.uk,242-469-2542
Barnett Twaits,btwaitseu@ucsd.edu,243-423-5798
Damon Mulles,dmullesev@yale.edu,730-359-9512
Stephani Deschelle,sdeschelleew@nps.gov,526-398-6808
Alfy Yanuk,ayanukex@constantcontact.com,195-270-6665
Dewitt Lindman,dlindmaney@wired.com,233-537-8384
Aggy Crebott,acrebottez@spiegel.de,558-568-6607
Jozef Dymond,jdymondf0@paginegialle.it,589-803-6732
Flossi O'Hederscoll,fohederscollf1@ycombinator.com,372-798-3752
Bobina Campa,bcampaf2@hibu.com,751-239-6803
Fielding Batistelli,fbatistellif3@github.com,825-739-0091
Kinny Loggie,kloggief4@shareasale.com,687-655-6486
Ulrikaumeko Folder,ufolderf5@shinystat.com,577-398-0525
Amalea Press,apressf6@unesco.org,784-669-5223
Regen Findlater,rfindlaterf7@myspace.com,196-325-1413
Pat Danby,pdanbyf8@jimdo.com,645-876-5793
Jillie Stiddard,jstiddardf9@gmpg.org,875-752-8976
Nixie Wankel,nwankelfa@tripadvisor.com,478-810-1348
Kayley Treacy,ktreacyfb@merriam-webster.com,855-135-5285
Julia Pretorius,jpretoriusfc@guardian.co.uk,409-264-9362
Daveta Coales,dcoalesfd@google.com.hk,863-643-9790
Gabriell Ransbury,gransburyfe@huffingtonpost.com,852-446-1781
Mirna De Francisci,mdeff@irs.gov,988-186-6548
Madelyn Tacey,mtaceyfg@ifeng.com,791-190-3323
Meta Meadows,mmeadowsfh@networkadvertising.org,978-702-0519
Elka Plait,eplaitfi@berkeley.edu,618-157-2896
Denise Lightman,dlightmanfj@apple.com,890-485-6228
Demetre D'Alessandro,ddalessandrofk@icq.com,189-869-7213
Stephenie Longcaster,slongcasterfl@ft.com,437-623-3645
Michaella Runchman,mrunchmanfm@house.gov,463-111-8039
Adelind Crownshaw,acrownshawfn@skype.com,533-645-6615
Nessy Shadwick,nshadwickfo@blog.com,146-288-3419
Irv Monaghan,imonaghanfp@mashable.com,262-966-8976
Wendi Seamark,wseamarkfq@china.com.cn,172-919-3881
Ros Ruby,rrubyfr@upenn.edu,601-897-5821
Jorey Lambrick,jlambrickfs@uiuc.edu,252-477-8198
Olwen Keogh,okeoghft@noaa.gov,503-850-6601
Celestyn Ohlsen,cohlsenfu@ovh.net,218-375-3047
Rogerio Gohn,rgohnfv@geocities.com,792-860-1065
Ogdon Demko,odemkofw@webeden.co.uk,806-589-4187
Joseito Wiltshier,jwiltshierfx@gmpg.org,196-763-9499
Rodi Errichiello,rerrichiellofy@scribd.com,646-790-1766
Jordanna Yemm,jyemmfz@oracle.com,510-709-8304
Andros Oxley,aoxleyg0@phpbb.com,371-632-3311
Misha McNae,mmcnaeg1@cornell.edu,373-550-8820
Anastasie Maseyk,amaseykg2@disqus.com,488-747-2029
Adela Duignan,aduignang3@blogtalkradio.com,351-107-6391
Teena Calder,tcalderg4@goodreads.com,814-796-9022
Claudia Smitherman,csmithermang5@umn.edu,418-109-8376
Kalinda Whimp,kwhimpg6@cnbc.com,572-695-8322
Sylas Carlone,scarloneg7@home.pl,907-282-1274
Niles Gendricke,ngendrickeg8@lulu.com,981-444-6910
Sabra Hrishchenko,shrishchenkog9@woothemes.com,676-312-5345
Bartholomeo McGowan,bmcgowanga@ycombinator.com,575-115-8922
Trumaine Mazdon,tmazdongb@symantec.com,668-686-5022
Keriann Callum,kcallumgc@netscape.com,912-510-1747
El Kiely,ekielygd@edublogs.org,678-543-0459
Averil Wasson,awassonge@whitehouse.gov,959-695-3199
Gabbey Markus,gmarkusgf@odnoklassniki.ru,494-753-0761
Nadeen Leemans,nleemansgg@altervista.org,234-456-4755
Claudell Slane,cslanegh@chronoengine.com,182-692-1755
Cy Sweatland,csweatlandgi@go.com,722-202-8715
Bernelle Wallbridge,bwallbridgegj@economist.com,426-357-2026
Lacey Bader,lbadergk@howstuffworks.com,622-384-0784
Cody Nono,cnonogl@booking.com,803-281-5215
Vincent Twohig,vtwohiggm@miitbeian.gov.cn,391-744-2795
Velma Ghelardi,vghelardign@va.gov,629-147-3085
Kari Rickardes,krickardesgo@washington.edu,471-415-6133
Richard Crother,rcrothergp@upenn.edu,691-307-1662
Farah Ascough,fascoughgq@de.vu,196-409-8480
Nolan Crouse,ncrousegr@twitpic.com,969-891-2647
Jemima Snartt,jsnarttgs@npr.org,500-859-2016
Tabbie Fraschetti,tfraschettigt@cnbc.com,671-564-5954
Etienne Kembley,ekembleygu@noaa.gov,570-295-1642
Shelli Troop,stroopgv@pen.io,248-775-2355
Justinian Comiam,jcomiamgw@squarespace.com,483-540-0357
Antoinette Nickerson,anickersongx@github.io,450-861-7251
Teddie Armour,tarmourgy@uiuc.edu,383-139-9751
Griffith Olenchenko,golenchenkogz@google.es,212-711-9146
Ad Pidgley,apidgleyh0@51.la,972-670-0168
Eddy Brenstuhl,ebrenstuhlh1@census.gov,647-597-9455
Kellen Gergus,kgergush2@canalblog.com,430-982-0795
Halley McKinley,hmckinleyh3@forbes.com,471-969-2923
Cris Carthy,ccarthyh4@theglobeandmail.com,799-312-8365
Ruperto Langlands,rlanglandsh5@sohu.com,288-395-4230
Sarita Shrubb,sshrubbh6@google.nl,173-700-5650
Lethia Houldey,lhouldeyh7@360.cn,914-955-9973
Marijn Sighart,msigharth8@studiopress.com,211-771-2250
Aharon Twitchings,atwitchingsh9@thetimes.co.uk,109-715-9555
Ashbey Eggle,aeggleha@senate.gov,133-486-1627
Ange Ioan,aioanhb@seattletimes.com,560-258-5839
Jakie Andrus,jandrushc@liveinternet.ru,713-615-8844
Gertrud Babcock,gbabcockhd@prnewswire.com,660-838-6299
Alden Gert,agerthe@foxnews.com,241-220-4536
Kimberley Levi,klevihf@csmonitor.com,869-480-5705
Joscelin Barthrop,jbarthrophg@yolasite.com,612-324-7110
Gregorius Ivanishev,givanishevhh@noaa.gov,435-930-2611
Adelbert Seedull,aseedullhi@vistaprint.com,252-678-8711
Saw Goodlet,sgoodlethj@yolasite.com,950-107-4524
Joyce Baxendale,jbaxendalehk@yahoo.com,453-137-3097
Renaldo Banaszkiewicz,rbanaszkiewiczhl@shop-pro.jp,304-496-2178
Jarrod Baitey,jbaiteyhm@dion.ne.jp,728-591-3481
Bobbi Lynch,blynchhn@ocn.ne.jp,470-212-0046
Abbye Plait,aplaitho@webs.com,328-178-1354
Tish Diboll,tdibollhp@redcross.org,865-897-5694
Sadie Tomczykowski,stomczykowskihq@imageshack.us,463-475-3863
Patti Kornilov,pkornilovhr@mozilla.com,111-942-6460
Vernice Liven,vlivenhs@macromedia.com,585-104-8085
Hobey Colbert,hcolbertht@narod.ru,778-835-0289
Alastair Dryden,adrydenhu@wsj.com,643-675-7083
Rikki Harrismith,rharrismithhv@free.fr,329-582-8082
Bibby Scholling,bschollinghw@theglobeandmail.com,872-188-2595
Alvis MacKeller,amackellerhx@tripadvisor.com,975-280-9108
Eilis Missen,emissenhy@moonfruit.com,561-784-3537
Cross Grelka,cgrelkahz@odnoklassniki.ru,234-389-5772
Wayland Creyke,wcreykei0@diigo.com,529-395-5050
Theresa Beckingham,tbeckinghami1@surveymonkey.com,217-695-1615
Peterus Guisby,pguisbyi2@disqus.com,512-758-3381
Wilek Pithcock,wpithcocki3@hubpages.com,510-870-0644
Ashli Grenshields,agrenshieldsi4@goo.ne.jp,573-591-2904
Jeffrey Dacey,jdaceyi5@soundcloud.com,790-825-9562
Myrlene Twinborne,mtwinbornei6@pcworld.com,934-258-0047
Emerson Rapson,erapsoni7@addthis.com,582-731-9236
Deb Patron,dpatroni8@sun.com,640-933-3517
Corny Pidgen,cpidgeni9@blogtalkradio.com,383-397-0158
Jodie Gallehock,jgallehockia@cmu.edu,847-700-2808
Donn Gladdis,dgladdisib@geocities.jp,280-855-8158
Mavis Curwood,mcurwoodic@skyrock.com,572-142-9467
L;urette Gunter,lgunterid@dedecms.com,154-350-2134
Terry Vooght,tvooghtie@bloglines.com,168-336-2620
Lettie Haggarty,lhaggartyif@blogger.com,179-576-0599
Ryun Syddall,rsyddallig@sina.com.cn,420-525-6579
Concordia Dibling,cdiblingih@tumblr.com,631-629-3583
Cozmo Clougher,cclougherii@bandcamp.com,499-611-2951
Levi Luscott,lluscottij@cbsnews.com,876-373-5808
Ford Lacer,flacerik@exblog.jp,537-863-3814
Joellen Tabourin,jtabourinil@oakley.com,108-427-7544
Angelique Bodham,abodhamim@seesaa.net,145-777-9182
Kiah Birrane,kbirranein@google.ca,357-337-2444
Betsy Rostron,brostronio@dedecms.com,563-698-6573
Allyson Cabble,acabbleip@cmu.edu,827-383-1158
Olin Plumtree,oplumtreeiq@huffingtonpost.com,182-266-5225
Allan Savill,asavillir@a8.net,384-679-9403
Lorene Layborn,llaybornis@netlog.com,482-439-6626
Gray Sherrott,gsherrottit@domainmarket.com,745-821-9692
Dorey Atlee,datleeiu@last.fm,379-604-5002
Chelsey Fossick,cfossickiv@1und1.de,805-150-1340
Kiele Wellbank,kwellbankiw@pbs.org,776-171-3547
Albina Eagell,aeagellix@yale.edu,453-619-7167
Parrnell Camock,pcamockiy@disqus.com,545-160-2644
Waring Roseaman,wroseamaniz@sciencedirect.com,321-862-8129
Jolyn Mazzia,jmazziaj0@clickbank.net,752-668-1209
Juli Derkes,jderkesj1@ameblo.jp,435-290-3322
Jakob Cotsford,jcotsfordj2@apple.com,158-289-3267
Tynan Wylder,twylderj3@godaddy.com,982-889-6431
Towny Ayrton,tayrtonj4@hubpages.com,192-845-4237
Twila Cokayne,tcokaynej5@washingtonpost.com,964-532-8247
Kelcey Rubinek,krubinekj6@usnews.com,911-426-2118
Cherri Halling,challingj7@gizmodo.com,536-419-4781
Lurleen McLarty,lmclartyj8@msn.com,261-635-4839
Jeffrey MacCauley,jmaccauleyj9@barnesandnoble.com,159-660-4139
Wenonah MacLoughlin,wmacloughlinja@redcross.org,791-237-1327
Alyss Cheves,achevesjb@soundcloud.com,148-495-6719
Levi Savory,lsavoryjc@topsy.com,573-638-4349
Ajay Brannigan,abranniganjd@dedecms.com,471-270-5342
Ignacio Braybrooke,ibraybrookeje@reddit.com,149-878-1037
Eddy Ramsbottom,eramsbottomjf@umich.edu,484-917-4126
Terrijo Lismore,tlismorejg@gizmodo.com,130-662-3834
Devlen Cave,dcavejh@cmu.edu,488-277-2456
Madelyn Robbs,mrobbsji@latimes.com,803-421-7324
Giralda Crichton,gcrichtonjj@imageshack.us,339-457-1334
Adelice Vescovini,avescovinijk@harvard.edu,353-250-5673
Cody Lintot,clintotjl@naver.com,441-721-5186
Carena Mouget,cmougetjm@ucoz.ru,661-998-1274
Benjy Bridgeman,bbridgemanjn@cornell.edu,732-833-0782
Vanda Adelberg,vadelbergjo@simplemachines.org,326-555-1415
Maridel Litel,mliteljp@dell.com,527-746-2053
Rhett Spencook,rspencookjq@prlog.org,947-341-6264
Hesther Lefeuvre,hlefeuvrejr@google.ca,236-731-8209
Dex Ciccotti,dciccottijs@addtoany.com,627-181-3461
Kassey Hearson,khearsonjt@g.co,564-512-3512
Lucas Nester,lnesterju@hostgator.com,816-733-9242
Codie Leupold,cleupoldjv@elpais.com,622-956-3040
Jada Paffley,jpaffleyjw@sina.com.cn,571-237-4617
Charley Giraudo,cgiraudojx@walmart.com,538-755-6538
Elonore Adlard,eadlardjy@elegantthemes.com,641-420-9847
Karissa Dupree,kdupreejz@bbc.co.uk,737-255-7201
Deanna Danjoie,ddanjoiek0@google.com.hk,765-461-3415
Frederigo Farncomb,ffarncombk1@discuz.net,968-359-3082
Bunny Stawell,bstawellk2@canalblog.com,735-441-2478
Sharyl Hallad,shalladk3@globo.com,522-398-8039
Bertha La Batie,blak4@ucla.edu,518-362-3711
Tanya Greatorex,tgreatorexk5@xinhuanet.com,459-798-3564
Nanete Ealden,nealdenk6@nbcnews.com,647-391-0912
Evyn O'Hoey,eohoeyk7@walmart.com,122-858-4111
Phillipp Warwicker,pwarwickerk8@china.com.cn,398-188-1975
Toiboid Bowlas,tbowlask9@github.io,504-202-7181
Antonin Comber,acomberka@mapquest.com,755-192-6082
Preston Jordanson,pjordansonkb@unc.edu,965-732-4180
Owen Vidler,ovidlerkc@nationalgeographic.com,722-891-3167
Bastian Chess,bchesskd@scientificamerican.com,858-546-5073
Wilden Roisen,wroisenke@rediff.com,391-174-1725
Arch Cowperthwaite,acowperthwaitekf@fastcompany.com,271-108-9208
Laughton Lownsbrough,llownsbroughkg@mysql.com,951-572-8032
Chicky Toward,ctowardkh@hatena.ne.jp,244-495-1716
Kaylee Creaven,kcreavenki@ocn.ne.jp,457-922-5542
Melinde Brunning,mbrunningkj@nih.gov,603-257-4783
Janice Mathey,jmatheykk@fastcompany.com,233-614-6535
Lennie Wollacott,lwollacottkl@mlb.com,573-895-6048
Meagan Corwin,mcorwinkm@51.la,874-735-4085
Janessa Neill,jneillkn@who.int,484-633-1650
Enrique Thowless,ethowlessko@prlog.org,412-103-2747
Kassia Colebourne,kcolebournekp@nyu.edu,955-565-1938
Tynan Helmke,thelmkekq@businessinsider.com,209-558-5882
Johnath Flipek,jflipekkr@over-blog.com,756-425-0332
Saunderson Aylin,saylinks@zdnet.com,664-475-9549
Kippar Eades,keadeskt@kickstarter.com,550-341-2018
Bonny Burditt,bburdittku@washingtonpost.com,428-626-9638
Laurianne Froud,lfroudkv@storify.com,783-831-0763
Raffaello Isaaksohn,risaaksohnkw@dyndns.org,100-298-5278
Robyn Bainton,rbaintonkx@goo.gl,479-974-5597
Kate Cassius,kcassiusky@nbcnews.com,476-272-5609
Farica MacCartney,fmaccartneykz@ameblo.jp,237-270-1864
Mara Jacmard,mjacmardl0@xrea.com,310-197-8993
Julian Torricella,jtorricellal1@sakura.ne.jp,826-813-9112
Harbert Ledingham,hledinghaml2@icq.com,970-304-7273
Dorthea Deplacido,ddeplacidol3@shareasale.com,389-754-3978
Terrijo Slingsby,tslingsbyl4@shareasale.com,762-204-8039
Pauly Jain,pjainl5@angelfire.com,672-498-8777
Tremain Perrygo,tperrygol6@europa.eu,347-117-7632
Nettle Henrique,nhenriquel7@fc2.com,743-744-0867
Iseabal Luard,iluardl8@merriam-webster.com,148-584-4812
Roddie Minogue,rminoguel9@msn.com,983-278-4551
Birgitta Heineke,bheinekela@yandex.ru,222-362-6203
Micheline Boor,mboorlb@livejournal.com,101-193-8745
Jacynth McPhelimey,jmcphelimeylc@irs.gov,605-678-7518
Mufi Giraldon,mgiraldonld@washington.edu,143-731-7506
Meris McColgan,mmccolganle@webeden.co.uk,204-625-4610
Brittne Locksley,blocksleylf@sciencedirect.com,409-391-1861
Drusi Guare,dguarelg@google.com.br,183-650-4002
Marsha Londing,mlondinglh@biglobe.ne.jp,986-262-6434
Mikael Suarez,msuarezli@myspace.com,869-147-0233
Daryn Ekless,deklesslj@accuweather.com,777-781-4788
Gizela Westrip,gwestriplk@cbslocal.com,966-916-1765
Skylar Mountcastle,smountcastlell@tamu.edu,271-842-0967
Skell Pouton,spoutonlm@slashdot.org,371-445-7183
Reinhold Rounsivall,rrounsivallln@zdnet.com,608-948-1747
Towney Murphey,tmurpheylo@reuters.com,917-321-9065
Orland Thornley,othornleylp@mapy.cz,736-754-6493
Bryant Wyant,bwyantlq@foxnews.com,268-626-5584
Alden Woodman,awoodmanlr@pen.io,358-109-9288
Grove MacEntee,gmacenteels@irs.gov,497-393-9470
Benito Blaisdell,bblaisdelllt@irs.gov,798-577-3369
Emili Brookshaw,ebrookshawlu@nhs.uk,236-277-4158
Lammond Casterot,lcasterotlv@yale.edu,242-418-7319
Issy Bowling,ibowlinglw@dailymotion.com,838-824-1180
Whit Corgenvin,wcorgenvinlx@un.org,496-277-1089
Alanah Medlicott,amedlicottly@va.gov,454-281-4603
Dewey Westerman,dwestermanlz@army.mil,365-134-2534
Tallia Southerell,tsoutherellm0@mac.com,767-644-4086
Tracy Stephen,tstephenm1@buzzfeed.com,225-529-2871
Luella Dahmke,ldahmkem2@vimeo.com,366-337-6929
Boote Killingworth,bkillingworthm3@opensource.org,834-187-6578
Zacherie McMonnies,zmcmonniesm4@bluehost.com,260-402-2367
Sadie Wolstenholme,swolstenholmem5@about.me,120-564-3411
Mateo Webb-Bowen,mwebbbowenm6@diigo.com,259-753-3728
Flinn Freed,ffreedm7@wired.com,739-640-5641
Avivah Gisbourn,agisbournm8@illinois.edu,466-578-8598
Clarisse Gazey,cgazeym9@ovh.net,718-571-1501
Imogene Riglar,iriglarma@newyorker.com,473-495-8710
Roma Jakucewicz,rjakucewiczmb@blogtalkradio.com,920-930-9575
Marylinda Lismer,mlismermc@buzzfeed.com,812-759-3330
Kakalina Panton,kpantonmd@so-net.ne.jp,596-245-9703
Eachelle Davley,edavleyme@a8.net,804-546-4970
Marv Denington,mdeningtonmf@examiner.com,392-580-8482
Kanya Easom,keasommg@wisc.edu,749-647-8906
Dasi Grannell,dgrannellmh@netvibes.com,655-146-0811
Bridget Nesfield,bnesfieldmi@uol.com.br,348-675-2370
Lilia Roloff,lroloffmj@eventbrite.com,662-639-3058
Chrissy Steiner,csteinermk@cargocollective.com,479-209-8770
Wanids Mignot,wmignotml@livejournal.com,927-914-5521
Friedrick Rosson,frossonmm@moonfruit.com,606-951-7798
Denney Amey,dameymn@google.it,409-747-9264
Tabor Dumbar,tdumbarmo@histats.com,130-507-4326
Malena Scholar,mscholarmp@comcast.net,179-573-8694
Halie Button,hbuttonmq@wix.com,336-980-3139
Kitty Curle,kcurlemr@ed.gov,391-695-4283
Camila Marousek,cmarousekms@bloomberg.com,751-418-6936
Danna Muckart,dmuckartmt@edublogs.org,149-319-1219
Gabi Fassam,gfassammu@virginia.edu,708-291-6334
Jacquenette Skirvin,jskirvinmv@mtv.com,520-749-2198
Madlin Drain,mdrainmw@ameblo.jp,535-315-4337
Elisa Summerbell,esummerbellmx@mediafire.com,638-160-5033
Nita Artz,nartzmy@mayoclinic.com,990-686-9054
Nana Edwicker,nedwickermz@nationalgeographic.com,318-361-0718
Colby Izakovitz,cizakovitzn0@java.com,452-259-8000
Aksel Jozef,ajozefn1@seesaa.net,272-474-7696
Jane MacScherie,jmacscherien2@gov.uk,910-178-7545
Neille Lackie,nlackien3@ezinearticles.com,763-960-5618
Zachary Mintoft,zmintoftn4@youtube.com,923-399-0354
Imogen Rignall,irignalln5@umn.edu,137-416-8105
Myrtie Rudeyeard,mrudeyeardn6@jigsy.com,357-914-9103
Latia Tevelov,ltevelovn7@yahoo.co.jp,748-330-7293
Osbert Luckman,oluckmann8@ameblo.jp,731-623-7519
Ceil Romushkin,cromushkinn9@desdev.cn,111-109-8575
Bill Benson,bbensonna@who.int,417-297-7381
Cindelyn Brandenburg,cbrandenburgnb@pinterest.com,130-875-4608
Alexandro Candy,acandync@independent.co.uk,389-262-3300
Thacher Mingey,tmingeynd@guardian.co.uk,648-358-8643
Sarajane Mosley,smosleyne@mayoclinic.com,138-503-3621
Connie Shelly,cshellynf@ucsd.edu,906-739-6206
Vida Ledgister,vledgisterng@mozilla.com,494-940-1219
Saba McCullum,smccullumnh@howstuffworks.com,311-392-3764
Christoph Kingsnode,ckingsnodeni@paypal.com,441-824-6631
Selie Jaquemar,sjaquemarnj@java.com,169-333-8110
Kendrick Liptrot,kliptrotnk@sfgate.com,866-679-4779
Loydie Stilling,lstillingnl@vinaora.com,931-831-8901
Bonnie Pietrowski,bpietrowskinm@netlog.com,880-894-1688
Dimitry Lampe,dlampenn@twitter.com,476-787-8401
Talia Flockhart,tflockhartno@wordpress.org,419-933-8854
Nicki Waldocke,nwaldockenp@hostgator.com,342-654-9049
Hirsch Dayton,hdaytonnq@census.gov,377-429-0037
Gene Stuttman,gstuttmannr@shop-pro.jp,500-165-5662
Sidonnie Sproat,ssproatns@canalblog.com,357-951-6652
Garnette Hovie,ghovient@vistaprint.com,264-356-5499
Chiarra Blackmuir,cblackmuirnu@va.gov,918-765-9554
Suzette Clinkard,sclinkardnv@moonfruit.com,581-991-2942
Roxy Ingray,ringraynw@cbslocal.com,622-137-1140
Tyler Callway,tcallwaynx@icq.com,612-730-4357
Siegfried Brasier,sbrasierny@nsw.gov.au,995-130-2712
Jacquenette Parbrook,jparbrooknz@wordpress.org,128-807-5403
Lynnelle Raleston,lralestono0@indiatimes.com,680-358-7821
Kendre Olligan,kolligano1@multiply.com,280-636-2621
Pip Willbraham,pwillbrahamo2@chicagotribune.com,206-601-1387
Yvor Chastand,ychastando3@histats.com,582-443-2953
Bruis Osanne,bosanneo4@studiopress.com,920-502-4407
Elijah Warman,ewarmano5@sina.com.cn,321-835-0379
Catina French,cfrencho6@ibm.com,709-458-4196
Danila Wallentin,dwallentino7@disqus.com,148-320-2953
Giusto Vasilyev,gvasilyevo8@omniture.com,468-202-0261
Raina Derrick,rderricko9@ning.com,845-818-4096
Dorelia Philipet,dphilipetoa@sciencedirect.com,854-574-0305
Truman Hambleton,thambletonob@yandex.ru,194-412-0431
Gabriell Tritton,gtrittonoc@flavors.me,626-869-5942
Rod Usherwood,rusherwoodod@youtu.be,284-419-0937
Bonita Coysh,bcoyshoe@eventbrite.com,702-639-0544
Dorita Gilffillan,dgilffillanof@w3.org,323-490-0140
Morrie MacDearmaid,mmacdearmaidog@amazon.co.uk,969-954-3687
Allison Daldry,adaldryoh@g.co,827-144-7476
Yorgo Fardon,yfardonoi@examiner.com,353-696-4436
Jojo Perigo,jperigooj@histats.com,637-131-3774
Fritz Gunter,fgunterok@hostgator.com,953-244-6003
Carri Norledge,cnorledgeol@gnu.org,493-139-9252
Evangeline Pashen,epashenom@imgur.com,455-260-8829
Kyrstin Coneau,kconeauon@simplemachines.org,216-742-7505
Artie Bairstow,abairstowoo@buzzfeed.com,926-176-5753
Charis Seczyk,cseczykop@symantec.com,600-834-2007
Joyous Sancho,jsanchooq@so-net.ne.jp,412-978-5766
Dulcea Emsley,demsleyor@nbcnews.com,935-272-4309
Arel Chitson,achitsonos@youtube.com,374-917-3363
Lynnelle Flowith,lflowithot@usda.gov,295-523-6903
Leigh Lambart,llambartou@businessinsider.com,988-386-7249
Gunar Cawt,gcawtov@furl.net,750-743-6848
Willetta Saiz,wsaizow@tinyurl.com,659-627-1581
Jory Capitano,jcapitanoox@taobao.com,106-508-3778
Mitzi Ellesmere,mellesmereoy@pinterest.com,430-826-6333
Gertrud Kunrad,gkunradoz@cargocollective.com,385-609-2245
Natalya Matteini,nmatteinip0@utexas.edu,202-920-6914
Darcee Galliard,dgalliardp1@gizmodo.com,531-116-0460
Jodie Pilkinton,jpilkintonp2@netlog.com,571-866-4464
Louis Wastall,lwastallp3@typepad.com,187-401-1190
Sabina Gronauer,sgronauerp4@unicef.org,344-377-9702
Gladys Doick,gdoickp5@economist.com,892-745-9778
Mischa Slyman,mslymanp6@tinypic.com,419-678-2010
Gwendolen Yosevitz,gyosevitzp7@zdnet.com,567-198-2021
Katey Rubinowitz,krubinowitzp8@apple.com,618-951-5066
Pinchas Baccup,pbaccupp9@bravesites.com,342-999-1351
Fiona Thorouggood,fthorouggoodpa@xrea.com,366-987-3969
Rufus Bisco,rbiscopb@facebook.com,537-696-1440
Nani Dennehy,ndennehypc@xinhuanet.com,154-432-6875
Margret Looby,mloobypd@cocolog-nifty.com,778-500-1907
Costanza Butterly,cbutterlype@github.com,452-134-3179
Willie Runcie,wrunciepf@nydailynews.com,372-351-8579
Nicolai Grieve,ngrievepg@amazonaws.com,266-347-1431
Enriqueta Colbeck,ecolbeckph@4shared.com,967-237-4351
Randy Sealeaf,rsealeafpi@dyndns.org,384-618-9062
Melvin Prevost,mprevostpj@gravatar.com,346-798-1459
Lou Sirman,lsirmanpk@yale.edu,987-527-0702
Ban Toft,btoftpl@drupal.org,909-647-0610
Farra Norledge,fnorledgepm@icio.us,886-160-7851
Carson Tadd,ctaddpn@liveinternet.ru,300-561-4119
Ashli Goadsby,agoadsbypo@un.org,794-985-3483
Cassandra Abramovicz,cabramoviczpp@cbc.ca,300-631-3966
Nalani Guion,nguionpq@baidu.com,560-391-9866
Moises Aupol,maupolpr@hud.gov,507-445-4381
Melvin Bigglestone,mbigglestoneps@topsy.com,918-914-1257
Roxanna Greenstreet,rgreenstreetpt@europa.eu,544-507-2534
Gilligan Grave,ggravepu@tripadvisor.com,663-155-5615
Moritz Cairns,mcairnspv@europa.eu,516-686-0483
Charmian McMickan,cmcmickanpw@gizmodo.com,418-687-3457
Twila Mushett,tmushettpx@yolasite.com,856-270-1875
Brigitta Dudeney,bdudeneypy@moonfruit.com,612-833-6299
Chaunce Flobert,cflobertpz@zdnet.com,354-274-0747
Raffarty Lyddon,rlyddonq0@acquirethisname.com,868-213-1747
Rosalia Longford,rlongfordq1@purevolume.com,178-907-8042
Megan Mulkerrins,mmulkerrinsq2@wisc.edu,920-355-6722
Vittorio Bigadike,vbigadikeq3@wikia.com,966-186-3208
Brandais France,bfranceq4@nydailynews.com,989-379-9683
Winni Fenimore,wfenimoreq5@indiegogo.com,546-918-1770
Viki Cosgriff,vcosgriffq6@cbc.ca,707-684-6632
Lorrayne Norsister,lnorsisterq7@de.vu,166-642-7287
Cammy Rosser,crosserq8@japanpost.jp,564-177-8184
Sigfrid Rocca,sroccaq9@g.co,334-115-0858
Aubrette Normansell,anormansellqa@soup.io,330-797-1701
Melvin Betser,mbetserqb@networkadvertising.org,898-488-7055
Orly Kivlehan,okivlehanqc@yahoo.com,327-188-4864
Gelya Mitchelhill,gmitchelhillqd@uiuc.edu,410-377-1398
Christy O'Luby,colubyqe@nhs.uk,613-146-7097
Smitty Ebourne,sebourneqf@cbc.ca,361-502-2922
Eleen Sunter,esunterqg@ucoz.com,830-506-1741
Winna Barock,wbarockqh@bloglovin.com,224-678-5162
Franz Pyburn,fpyburnqi@youku.com,208-182-3195
Elroy Norcott,enorcottqj@soup.io,528-826-7705
Aurelie Wetherick,awetherickqk@dagondesign.com,658-120-4107
Bernelle Melody,bmelodyql@scribd.com,221-777-3098
Mikel Poynzer,mpoynzerqm@fotki.com,535-830-5816
Robbin Earland,rearlandqn@japanpost.jp,486-464-5446
Kristo Karpeev,kkarpeevqo@omniture.com,444-678-8698
Rolph Itscowicz,ritscowiczqp@comcast.net,297-932-5975
Brad Craddock,bcraddockqq@rakuten.co.jp,719-161-8255
Albertina Garlant,agarlantqr@naver.com,790-892-0079
Anna-diana Harling,aharlingqs@ox.ac.uk,906-996-1100
Rosco Tirte,rtirteqt@odnoklassniki.ru,846-276-4840
Brandon Cackett,bcackettqu@photobucket.com,983-949-4055
Roxanna Gramer,rgramerqv@amazon.de,720-722-6596
Rici Schlagh,rschlaghqw@imdb.com,847-164-1643
Lisetta Okenden,lokendenqx@gnu.org,284-867-2775
Mycah Yaus,myausqy@usatoday.com,412-352-9668
Nedi Wellen,nwellenqz@hc360.com,781-336-4490
Ericha Blyth,eblythr0@forbes.com,840-836-8309
Cicily Bradbury,cbradburyr1@nytimes.com,917-601-1261
Stormi McQuaid,smcquaidr2@w3.org,866-563-3808
George Stansell,gstansellr3@lycos.com,674-631-2758
Gabriele Paula,gpaular4@usgs.gov,397-584-0651
Merrill Coote,mcooter5@twitter.com,345-884-1169
Dicky Bunn,dbunnr6@squidoo.com,681-537-5791
Steffi Ody,sodyr7@meetup.com,169-762-0073
Lizabeth Thorns,lthornsr8@sogou.com,625-974-3769
Floyd Beade,fbeader9@wufoo.com,138-463-0244
Inglebert Ridolfo,iridolfora@addtoany.com,304-817-4429
Seamus Geggie,sgeggierb@un.org,307-546-0924
Francyne Klimkovich,fklimkovichrc@example.com,706-824-2108
Harwell Fishbourn,hfishbournrd@oaic.gov.au,781-227-6550
Adriena Lamar,alamarre@dell.com,471-102-0617
Lanie Durno,ldurnorf@cisco.com,917-613-3475
Matthias Battrum,mbattrumrg@dailymotion.com,163-593-0167
Chico Warne,cwarnerh@businesswire.com,851-711-0178
Anica Bagby,abagbyri@usda.gov,153-259-5412
Lynette Gilardi,lgilardirj@shinystat.com,378-345-3105
Ynes Danielsky,ydanielskyrk@scribd.com,866-460-6097
Joeann Hexam,jhexamrl@reuters.com,518-490-9496
Kenneth Bradfield,kbradfieldrm@narod.ru,486-155-5510
Oliviero Figurski,ofigurskirn@cnet.com,383-875-8368
Hussein Pellew,hpellewro@diigo.com,834-272-0319
Flore Iffe,fifferp@upenn.edu,411-680-1083
Dulsea Bankhurst,dbankhurstrq@angelfire.com,738-281-4313
Cornela Eliot,celiotrr@friendfeed.com,911-922-4914
